Date,PM2.5,NO2,O3,temperature,humidity
18/10/2018,14.15102041,90.33469388,114.322449,18.41632653,39.26938776
18/10/2018,12.4778157,90.39931741,98.52559727,18.16382253,40.49829352
18/10/2018,12.70616114,114.6492891,82.90521327,17.20853081,43.06635071
18/10/2018,6.683333333,66.58333333,39.94444444,16.20555556,46.65555556
18/10/2018,6.492957746,66.8685446,34.31924883,15.03286385,49.35211268
18/10/2018,6.493562232,67.36480687,29.87982833,13.72961373,52.18454936
18/10/2018,6.576086957,64.92934783,28.17391304,13.33152174,53.29347826
18/10/2018,6.410810811,60.09189189,24.9027027,13.39459459,53.3027027
18/10/2018,6.075471698,51.81509434,27,13.25283019,54.52075472
18/10/2018,6.933333333,44.74901961,29.83529412,13.4627451,54.63921569
19/10/2018,7.179878049,48.39634146,27.85670732,13.0152439,57.2804878
19/10/2018,7.332317073,43.42378049,28.67682927,13,58.25914634
19/10/2018,6.035714286,38.80654762,30.51785714,12.90178571,57.64583333
19/10/2018,6.693009119,57.06382979,28.2674772,13,56.10638298
19/10/2018,7.204268293,77.23780488,32.17682927,13.63414634,54.76219512
19/10/2018,7.418397626,89.69139466,37.42433234,14,55.49554896
19/10/2018,6.966463415,71.86585366,34.63719512,14.03658537,56.42987805
19/10/2018,6.683890578,76.32826748,37.55927052,14.29787234,56.89057751
19/10/2018,6.808955224,68.2,40.82985075,14.76119403,60.87164179
19/10/2018,7.161585366,63.08841463,41.49390244,15.69817073,59.60670732
19/10/2018,7.179331307,64.76595745,38.5106383,16.62613982,57.79635258
19/10/2018,6.913690476,67.5952381,40.05357143,17.79166667,54.9672619
19/10/2018,6.75,77.24085366,41.83231707,18.0152439,55.7652439
19/10/2018,6.94224924,60.23708207,42.02431611,18.61094225,55.22796353
19/10/2018,6.452380952,40.70238095,51.22321429,18.16666667,56.48511905
19/10/2018,6.556923077,58.70153846,46.84615385,18,58.4
19/10/2018,6.489361702,63.74772036,40.06990881,17.40729483,61.48632219
19/10/2018,6.425595238,65.24107143,32.73214286,17.04761905,63.33035714
19/10/2018,6.592705167,56.81155015,29.50759878,17.18541033,62.6656535
19/10/2018,6.411585366,47.85670732,36.57317073,17.19817073,62.72256098
19/10/2018,6.377245509,48.38922156,37.53892216,17.21257485,62.90419162
19/10/2018,6.496969697,37.36969697,40.3030303,17.13636364,64.2030303
19/10/2018,6.407294833,38.02431611,36.95136778,17.16109422,63.72644377
19/10/2018,6.290030211,27.03021148,39.40785498,17.09667674,63.59516616
20/10/2018,6.537537538,32.46846847,32.18918919,17.09009009,62.63663664
20/10/2018,6.507598784,23.73556231,36.556231,17.01519757,63.29787234
20/10/2018,6.689969605,30.34346505,30.10030395,16.51671733,66.24924012
20/10/2018,6.580357143,30.94642857,31.22916667,16.84821429,66.6577381
20/10/2018,6.306990881,30.43768997,36.06990881,17,66.11550152
20/10/2018,6.376899696,38.44984802,32.59574468,17,65.19756839
20/10/2018,6.389880952,46.70238095,33.30357143,17.10119048,64.4077381
20/10/2018,6.778115502,40.11854103,37.3343465,17.32522796,64.15197568
20/10/2018,6.801829268,33.87195122,39.08231707,18.01219512,62.63719512
20/10/2018,6.548961424,38.34124629,40.07715134,18.53709199,60.82195846
20/10/2018,6.774390244,31.44817073,47.13109756,19.31097561,58.53963415
20/10/2018,6.466463415,32.25609756,52.51219512,20,57.72865854
20/10/2018,6.480597015,34.90447761,49.98208955,20.13134328,57.17014925
20/10/2018,6.522796353,33.66261398,49.40425532,20.07902736,58.16413374
20/10/2018,6.661585366,37.36890244,45.00304878,20,59.625
20/10/2018,6.452380952,43.16071429,40.37797619,20,60.74107143
20/10/2018,6.68902439,54.9847561,37.24390244,20,61.02134146
20/10/2018,6.632218845,48.6656535,35.7993921,20,61.91489362
20/10/2018,6.583333333,45.53869048,31.23809524,19.80059524,63.36011905
20/10/2018,6.531914894,39.98784195,33.16717325,19.74772036,64.0668693
20/10/2018,6.298780488,44.46036585,29.88414634,19.79878049,64.67073171
20/10/2018,6.130563798,31.0504451,31.9347181,19.94362018,65.19287834
20/10/2018,6.137195122,20.58841463,37.81707317,20,65.64634146
20/10/2018,6.242424242,20.33636364,34.73333333,19.66666667,65.77575758
21/10/2018,6.220238095,16.02380952,31.19345238,19.20535714,65.69940476
21/10/2018,6.237082067,13.1337386,32.52583587,19.03951368,66.76899696
21/10/2018,6.237082067,9.772036474,31.41945289,19,67.61094225
21/10/2018,6.15060241,9.292168675,32.17771084,19,67.46084337
21/10/2018,6.027027027,11.47447447,32.67867868,19.01501502,66.74774775
21/10/2018,6.192073171,14.76219512,34.30487805,19.03658537,67.3445122
21/10/2018,6.200607903,25.01823708,32.9331307,18.9787234,69.11854103
21/10/2018,6.238095238,11.85119048,67.42559524,16.66369048,65.72619048
21/10/2018,6.279635258,25.70820669,65.55927052,16,66.56838906
21/10/2018,6.231707317,20.71341463,63.68597561,16.32317073,60.34146341
21/10/2018,6.345238095,17.09821429,68.3422619,16.94047619,56.76190476
21/10/2018,6.465045593,15.89665653,66.0212766,17.18237082,54.80547112
21/10/2018,7.118541033,11.23708207,58.87841945,18.77507599,47.72644377
21/10/2018,7.07761194,9.597014925,70.06865672,19.33432836,41.13731343
21/10/2018,7.112804878,21.79573171,74.1554878,17.56707317,42.75304878
21/10/2018,7.051987768,26.26605505,75.20795107,16.20795107,41.12844037
21/10/2018,6.904761905,32.59821429,74.81547619,15.7797619,45.29761905
21/10/2018,6.484756098,42.70121951,64.24695122,14.75,45.35060976
21/10/2018,6.130699088,43.83586626,61.81762918,14,47
21/10/2018,6.101190476,26.47619048,68.13392857,13.9672619,48.04761905
21/10/2018,6.432926829,25.85365854,65.67378049,13.2652439,50.53963415
21/10/2018,6.728658537,34.53963415,51.875,12.8597561,54.2195122
21/10/2018,6.347181009,17.12166172,61.71513353,12.99109792,55.38575668
21/10/2018,6.408536585,17.07621951,55.50609756,12.24390244,56.85365854
22/10/2018,6.423780488,27.14329268,38.6402439,11.19512195,60.75304878
22/10/2018,6.347181009,22.72403561,37.3768546,10.21364985,62.53709199
22/10/2018,6.457317073,30.36890244,32.58231707,10.09146341,61.24085366
22/10/2018,6.527439024,41.84756098,24.89329268,10.10365854,61.03658537
22/10/2018,6.729166667,66.80059524,28.92261905,10.26785714,61.31845238
22/10/2018,6.883435583,67.09202454,29.73312883,10.94785276,60.56134969
22/10/2018,6.749235474,59.79510703,24.48012232,10.67278287,60.14984709
22/10/2018,6.842261905,57.54761905,30.69047619,11.85416667,57.69940476
22/10/2018,7.198170732,57.77134146,36.85060976,13.46646341,54.95731707
22/10/2018,7.55351682,48.24464832,39.47400612,15.17125382,51.66666667
22/10/2018,7.473214286,41.77380952,48.625,17.27678571,46.89583333
22/10/2018,7.441717791,38.45092025,55.22699387,17.70858896,46.28527607
22/10/2018,7.740061162,44.64220183,49.37920489,16.8470948,50.85626911
22/10/2018,7.573134328,45.95820896,47.26567164,17.08059701,50.10447761
22/10/2018,7.531914894,35.01519757,57.98176292,17.49544073,48.40121581
22/10/2018,7.887195122,27.45426829,62.73170732,16.59756098,50.17378049
22/10/2018,7.976190476,22.94642857,66.7172619,15.55952381,52.88095238
22/10/2018,7.341463415,18.99695122,68.3445122,15.07317073,53.7652439
22/10/2018,7.756097561,16.84146341,69.27743902,15.00304878,54.64329268
22/10/2018,7.519287834,14.3264095,69.14836795,15,55.76854599
22/10/2018,7.774390244,15.13719512,67.79573171,15,56.30487805
22/10/2018,7.935185185,11.33950617,68.10493827,15.0462963,56.12654321
22/10/2018,7.598214286,11.88095238,65.79761905,15.01785714,56.45535714
22/10/2018,7.707317073,8.024390244,70.8445122,15.28658537,55.02439024
23/10/2018,7.886850153,7.801223242,73.29357798,15.49235474,54.34862385
23/10/2018,7.850746269,5.973134328,72.05970149,15.34925373,54.63283582
23/10/2018,8.110769231,7.587692308,71.96,15.74461538,54.37846154
23/10/2018,8.018691589,12.55451713,72.09657321,15.96261682,54.1588785
23/10/2018,8.05988024,22.73952096,67.90718563,16,53.79041916
23/10/2018,8.254601227,33.62576687,62.53680982,16,54.43558282
23/10/2018,8.406727829,33.48012232,61.63914373,16,54.67889908
23/10/2018,7.871641791,36.28059701,61.35522388,16,54.7761194
23/10/2018,8.671779141,33.97239264,60.67791411,16.3190184,54.74539877
23/10/2018,8.886503067,32.45398773,60.39570552,17.01533742,55.21472393
23/10/2018,8.734328358,30.60895522,59.68059701,17.07164179,56.34626866
23/10/2018,8.318885449,28.76470588,58.30959752,17.53560372,56.77089783
23/10/2018,7.355828221,30.86503067,54.67791411,18,56.09509202
23/10/2018,7.292537313,27.38208955,56.43283582,18.87761194,53.79104478
23/10/2018,6.631578947,38.11145511,52.77399381,18.04024768,56.69659443
23/10/2018,7.253012048,40.44879518,50.4186747,17.34337349,58.82228916
23/10/2018,7.112121212,50.34545455,44.75151515,17.0030303,60.17878788
23/10/2018,6.614678899,33.88685015,50.51987768,16.87767584,60.62385321
23/10/2018,6.45045045,30.25525526,52.76876877,16.24924925,60.99399399
23/10/2018,6.3556231,28.05167173,53.83282675,16.01823708,60.99392097
23/10/2018,6.515151515,26.47878788,58.72424242,16,57.67575758
23/10/2018,6.978851964,13.29003021,70.13595166,15.48640483,57.09063444
23/10/2018,7.291411043,10.17791411,74.44478528,15.22699387,56.8404908
23/10/2018,7.048780488,10.41463415,77.65243902,15.05792683,56.77439024
24/10/2018,7.178571429,9.357142857,79.0297619,15,57.38095238
24/10/2018,7.917431193,10.45565749,78.16513761,15,57.18348624
24/10/2018,7.266055046,10.05198777,78.22324159,15,56.85932722
24/10/2018,7.383928571,16.81547619,74.97916667,15,56.19940476
24/10/2018,7.273846154,31.11384615,68.37538462,15.04923077,56.36615385
24/10/2018,7.296296296,44.22222222,59.81790123,15.16049383,56.10802469
24/10/2018,7.724550898,44.20958084,59.74850299,15.16167665,55.76047904
24/10/2018,6.704968944,46.26708075,59.30434783,15.7515528,54.98757764
24/10/2018,6.433436533,43.57894737,61.79876161,16.0247678,54.09907121
24/10/2018,7.19939577,41.97583082,60.65558912,16.88821752,50.82477341
24/10/2018,7.324074074,37.33641975,66.32716049,17.10185185,49.36419753
24/10/2018,6.749235474,38.37308869,67.44954128,17.24770642,48.96636086
24/10/2018,6.981595092,38.81595092,67.8006135,17.27300613,49.82208589
24/10/2018,6.410658307,44.42946708,65.8338558,17.0815047,50.82131661
24/10/2018,6.663690476,36.52380952,68.5327381,16.85119048,50.94047619
24/10/2018,6.510703364,40.67889908,64.10091743,16.20183486,52.09785933
24/10/2018,6.401840491,40.74233129,66.65030675,16,53.57055215
24/10/2018,6.175595238,31.80952381,69.66666667,15.93452381,54.21428571
24/10/2018,6.162079511,32.27217125,68.98776758,15.25993884,56.11926606
24/10/2018,6.153846154,25.42461538,70.10153846,15.05846154,57.01538462
24/10/2018,6.047761194,19.51940299,74.48358209,15.03283582,56.00597015
24/10/2018,6.134969325,15.12883436,76.80674847,15,57.3006135
24/10/2018,6.146875,9.790625,80.271875,15.01875,56.171875
24/10/2018,6.143283582,12.05970149,78.50447761,15,56.82686567
25/10/2018,6.256097561,16.17073171,72.80487805,15,58.85060976
25/10/2018,6.240740741,13.3117284,70.19135802,15,59.9382716
25/10/2018,6.264264264,13.24024024,69.04504505,15,59.5015015
25/10/2018,6.393292683,31.6402439,55.25609756,15,59.94207317
25/10/2018,6.422492401,52.88449848,45.83586626,15,60.57142857
25/10/2018,6.28358209,61.90746269,43.39701493,15,60.32835821
25/10/2018,6.463414634,65.18292683,36.45121951,15,60.23780488
25/10/2018,6.417682927,64.03353659,40.9054878,15.36890244,58.88719512
25/10/2018,6.410179641,52.08682635,47.75149701,16.48502994,56.00598802
25/10/2018,6.195583596,41.9873817,51.34069401,17.70347003,52.69085174
25/10/2018,6.56547619,53.7202381,48.21130952,17.13095238,54.52380952
25/10/2018,6.14893617,38.40425532,54.46200608,17.40425532,53.67173252
25/10/2018,6.073394495,31.31804281,59.70336391,17.85015291,51.0764526
25/10/2018,6.1875,38.30059524,61.97916667,16.99107143,53.64285714
25/10/2018,6.138554217,45.89156627,55.73192771,16.14457831,55.31626506
25/10/2018,6.118012422,42.21428571,56.68944099,16.01552795,55.70496894
25/10/2018,6.191044776,52.2358209,51.55820896,15.74925373,56.72537313
25/10/2018,6.449541284,54.47400612,46.76452599,15.19877676,58.37003058
25/10/2018,6.31402439,37.57012195,55.875,15.01219512,59.9847561
25/10/2018,6.288690476,23.30357143,63.30654762,15,62.02678571
25/10/2018,6.237804878,13.48170732,67.53353659,14.38719512,61.22256098
25/10/2018,6.740853659,12.06097561,66.72865854,13.08841463,57.49085366
25/10/2018,5.850299401,11.9491018,64.15568862,12.43113772,56.05688623
25/10/2018,5.545454545,11.81212121,64.34848485,12,56.62727273
26/10/2018,5.548780488,13.70426829,63.32317073,11.91463415,57.20121951
26/10/2018,5.560240964,13.49698795,63.21987952,11.31626506,58.5813253
26/10/2018,5.159638554,13.95783133,65.26204819,10.76807229,58.6746988
26/10/2018,5.265243902,20.47560976,60.01829268,10.27439024,57.83536585
26/10/2018,5.093939394,37.06060606,50.33636364,10.10909091,58.22424242
26/10/2018,5.315315315,42.64264264,55.5045045,10.06906907,60.78378378
26/10/2018,5.564417178,54.27607362,46.88343558,9.806748466,63.78527607
26/10/2018,5.425981873,56.53776435,43.3897281,9.954682779,61.25377644
26/10/2018,5.388554217,41.09939759,53.30421687,10.46686747,58.4126506
26/10/2018,5.558282209,42.39877301,53.19018405,11.00306748,59.60122699
26/10/2018,5.481927711,32.55421687,52.8313253,13.08433735,53.68975904
26/10/2018,5.933534743,28.55891239,60.40181269,14.12386707,48.81570997
26/10/2018,5.812883436,28.05828221,69.60429448,14.08282209,47.3803681
26/10/2018,5.543806647,42.24169184,58.29607251,13.12688822,50.80966767
26/10/2018,5.626911315,31.88379205,50.85932722,13.99082569,46.30275229
26/10/2018,5.901538462,30.84615385,52.47076923,13.07076923,45.52923077
26/10/2018,5.704142012,34.81656805,52.55621302,12.08579882,47.53846154
26/10/2018,5.678018576,38.96904025,50.82352941,11.14241486,49.07739938
26/10/2018,5.722560976,34.35060976,53.86585366,10.67682927,48.38414634
26/10/2018,5.657738095,33.94047619,52.2797619,10,50.38095238
26/10/2018,5.44648318,30.52905199,55.39449541,10,51.2324159
26/10/2018,5.662576687,26.05521472,54.66871166,9.812883436,51.14723926
26/10/2018,5.470238095,22.63690476,54.59821429,9.357142857,49.81845238
26/10/2018,5.856269113,22.3058104,54.35779817,9.103975535,52.08256881
27/10/2018,5.81402439,20.68597561,54.49085366,9,52.07926829
27/10/2018,5.380952381,15.19345238,61.03869048,9.18452381,48.39285714
27/10/2018,5.745398773,15.92331288,59.64417178,9.174846626,46.82515337
27/10/2018,5.301829268,24.03353659,55.16463415,9,48.94512195
27/10/2018,5.397014925,35.4238806,47.53134328,9.023880597,49.71641791
27/10/2018,5.469325153,37.42638037,51.60736196,8.576687117,56.65337423
27/10/2018,5.551083591,47.80185759,40.9876161,8.040247678,60.12693498
27/10/2018,5.741071429,39.25297619,42.5952381,9,51.77380952
27/10/2018,5.667682927,36.22865854,49.54268293,9.43597561,45.17987805
27/10/2018,5.856707317,34.97865854,56.92987805,10.93292683,40.38719512
27/10/2018,5.72754491,37.84431138,63.06586826,11.88323353,39.91317365
27/10/2018,5.768518519,40.96604938,59.67283951,12.0617284,41.76851852
27/10/2018,5.612804878,41.79878049,61.52743902,12.35060976,34.96036585
27/10/2018,5.619047619,42.30059524,68.41964286,12.98511905,33.10714286
27/10/2018,5.506097561,60.02439024,57.72865854,12.0945122,35.04268293
27/10/2018,5.454545455,56.28526646,49.56426332,11.34796238,36.68652038
27/10/2018,5.556547619,60.05952381,39.39880952,10.23511905,39.7827381
27/10/2018,5.578947368,56.49845201,36.34674923,9.368421053,42.34055728
27/10/2018,5.944615385,50.40923077,40.60307692,9.486153846,45.44307692
27/10/2018,5.651757188,48.17891374,37.50159744,9.130990415,49.0543131
27/10/2018,5.523510972,43.55799373,45.06583072,10.26645768,47.55799373
27/10/2018,5.539393939,34.34848485,52.73030303,11.01212121,46.69090909
27/10/2018,5.629508197,31.41967213,50.97704918,10.99344262,47.80983607
27/10/2018,5.729483283,34.33738602,48.77507599,10.83586626,50.0881459
28/10/2018,6.061688312,30.18506494,52.12662338,11.17207792,48.76623377
28/10/2018,5.700598802,29.72155689,49.89820359,11.01197605,49.9251497
28/10/2018,5.876190476,28.05714286,50.64761905,10.79365079,50.71428571
28/10/2018,5.367781155,19.64741641,56.84194529,10.64741641,49.79635258
28/10/2018,6.108626198,25.73801917,51.49520767,10.79552716,48.32907348
28/10/2018,5.785488959,66.15141956,15.42586751,9.261829653,52.87697161
28/10/2018,5.755952381,64.23214286,12.11011905,8.1875,54.9077381
28/10/2018,5.794029851,77.98507463,9.614925373,9.298507463,53.3880597
28/10/2018,5.996688742,54.2781457,29.5794702,12.40728477,47.07284768
28/10/2018,6.066246057,43.95268139,47.4384858,14.05047319,43.7444795
28/10/2018,5.639143731,38.62996942,58.29969419,15.01529052,39.89602446
28/10/2018,5.678899083,49.62079511,50.11009174,15.09174312,39.29051988
28/10/2018,5.598130841,60.48909657,44.11838006,16.07165109,37.59190031
28/10/2018,5.511904762,65.43154762,44.03571429,16.16666667,36.81547619
28/10/2018,5.73006135,77.05521472,38.6196319,15.06441718,38.10736196
28/10/2018,5.839506173,85.38271605,30.73148148,13.42901235,42.82098765
28/10/2018,5.799410029,100.8023599,12.3480826,11.93510324,47.03244838
28/10/2018,5.832817337,101.3188854,5.383900929,10.56346749,50.59442724
28/10/2018,6.472392638,97.9202454,4.524539877,9.59202454,52.65337423
28/10/2018,7.821428571,103.8869048,3.610119048,8.666666667,55.49404762
28/10/2018,7.4,94.96923077,2.470769231,7.563076923,58.09538462
28/10/2018,7.149390244,89.72256098,1.588414634,7.042682927,59.33536585
28/10/2018,6.91641791,79.95820896,1.050746269,6.217910448,60.55820896
28/10/2018,6.893292683,69.97560976,0.87195122,5.801829268,61.24695122
29/10/2018,6.972560976,60.42987805,0.829268293,5.158536585,61.87195122
29/10/2018,6.16119403,59.74029851,2.734328358,5.68358209,62.04179104
29/10/2018,6.171779141,61.14417178,0.739263804,6,61.53374233
29/10/2018,5.737804878,61.00304878,1.195121951,6.027439024,62.39939024
29/10/2018,5.597597598,68.02102102,3.21021021,7.108108108,64.52552553
29/10/2018,5.489296636,92.59633028,4.339449541,8.113149847,62.78593272
29/10/2018,5.795031056,99.46583851,4.055900621,9.319875776,57.92236025
29/10/2018,5.808383234,104.5598802,4.050898204,10.32335329,53.25449102
29/10/2018,5.75617284,62.42901235,19.30555556,12.66358025,46.85802469
29/10/2018,6.268072289,48.4246988,37.06325301,12.63253012,46.92771084
29/10/2018,6.135802469,60.51234568,30.73765432,13.14197531,46.08024691
29/10/2018,6.021472393,36.15644172,52.61349693,13.94478528,38.2607362
29/10/2018,6.059701493,48.38507463,51.86567164,13.67462687,38.15522388
29/10/2018,5.850152905,52.50458716,44.62691131,14.83792049,36.56574924
29/10/2018,5.713414634,47.41768293,46.74695122,13.8902439,39.25304878
29/10/2018,5.666666667,60.76785714,31.61607143,12.11904762,43.25297619
29/10/2018,5.547400612,65.60550459,22.06116208,11.33027523,45.72171254
29/10/2018,5.80733945,54.58103976,30.19571865,11.02446483,43.74923547
29/10/2018,5.958208955,71.25970149,22.48955224,11,44.83283582
29/10/2018,5.705521472,55.79754601,27.22699387,11,48.03680982
29/10/2018,6.033536585,78.99695122,10.02134146,11,50.25914634
29/10/2018,5.623880597,81.39104478,3.773134328,10.05373134,52.03880597
29/10/2018,5.667682927,70.45121951,1.664634146,9.006097561,52.97256098
29/10/2018,5.607902736,61.00303951,0.990881459,7.750759878,55.85410334
30/10/2018,5.63880597,49.45373134,7.641791045,7.841791045,57.74925373
30/10/2018,5.609756098,42.33841463,17.3445122,8.987804878,58.94512195
30/10/2018,5.634146341,44.89939024,9.68597561,8.515243902,57.82621951
30/10/2018,5.762611276,42.18397626,8.673590504,7.290801187,59.81008902
30/10/2018,6.015243902,59.72865854,1.463414634,7,60.34756098
30/10/2018,5.670731707,74.92378049,3.87195122,7.899390244,59.85060976
30/10/2018,5.755223881,102.7253731,1.958208955,8,59.33731343
30/10/2018,5.682926829,117.9085366,0.93902439,8.637195122,57.52439024
30/10/2018,6.598159509,133.1288344,1.503067485,11.0398773,51.21779141
30/10/2018,8.139880952,94.83928571,4.800595238,13.07738095,41.77380952
30/10/2018,7.242331288,84.30981595,14.93865031,14.88650307,35.59509202
30/10/2018,6.688271605,72.99382716,30.73148148,16.0617284,33.19135802
30/10/2018,6.002994012,71.26646707,41.74850299,16.06586826,34.17964072
30/10/2018,6.178461538,90.03076923,30.34769231,14.6,37.37230769
30/10/2018,5.932515337,101.5153374,20.77607362,13.59509202,39.29754601
30/10/2018,6.191044776,89.2,15.86865672,13.0119403,41.41492537
30/10/2018,6.286585366,78.92682927,18.3902439,12.3445122,42.93292683
30/10/2018,6.067484663,95.86196319,6.404907975,12.09202454,46.62269939
30/10/2018,7.020895522,90.17014925,2.513432836,12,47.87462687
30/10/2018,6.43597561,96.22560976,1.018292683,11.36890244,49.61585366
30/10/2018,7.134146341,92.83536585,1.515243902,11,50.70121951
30/10/2018,6.325373134,84.88358209,0.346268657,11,52.31343284
30/10/2018,6.356707317,68.38719512,0.917682927,10.94817073,53.50304878
30/10/2018,5.722560976,58.46036585,5.606707317,11,56.66158537
31/10/2018,5.824925816,55.16617211,8.884272997,10.27596439,62.52225519
31/10/2018,5.902439024,47.08841463,8.951219512,10.35670732,64.25304878
31/10/2018,5.52887538,46.6656535,8.310030395,10.88753799,65.11246201
31/10/2018,5.119760479,39.31137725,11.40718563,11,65.70359281
31/10/2018,5.233128834,52.71472393,4.248466258,11,65.7791411
31/10/2018,5.449848024,78.91489362,3.73556231,10.98480243,64.93009119
31/10/2018,5.373134328,94.6,3.671641791,10.94029851,64.77313433
31/10/2018,5.447852761,83.29141104,3.63803681,11,63.97546012
31/10/2018,5.387195122,70.69512195,5.051829268,11.06707317,62.42987805
31/10/2018,5.337349398,69.32831325,5.524096386,12.51204819,56.74096386
31/10/2018,5.422018349,72.05198777,14.13761468,13.79510703,50.36391437
31/10/2018,5.513761468,78.72171254,17.21406728,14.0733945,49.2293578
31/10/2018,6.571428571,88.83035714,21.77380952,14.13988095,54.30357143
31/10/2018,7.17325228,97.43465046,12.9331307,13.69300912,58.98176292
31/10/2018,6.570552147,86.48773006,14.38650307,13.05214724,62.25766871
31/10/2018,6.429850746,81.04776119,8.976119403,12.28656716,62.8238806
31/10/2018,6.563076923,84.55384615,4.744615385,12,64.88615385
31/10/2018,7.204268293,96.34756098,3.853658537,12,65.38414634
31/10/2018,6.077380952,79.16369048,4.389880952,12,61.61904762
31/10/2018,6.308868502,91.24464832,3.892966361,11.49235474,60.22629969
31/10/2018,6.71559633,85.96330275,4.52293578,11.02752294,63.02140673
31/10/2018,7.256716418,75.11044776,2.205970149,10.78507463,64.33731343
31/10/2018,6.446808511,72.48024316,1.814589666,10.0212766,64.01519757
31/10/2018,6.027522936,61.89908257,1.990825688,9.262996942,64.03363914
01/11/2018,5.6875,53.04464286,3.241071429,8.49702381,65.31845238
01/11/2018,5.786585366,45.81402439,9.966463415,8.070121951,65.07012195
01/11/2018,5.932926829,32.94817073,14.41768293,7.743902439,64.40243902
01/11/2018,5.859701493,33.42985075,12.96119403,7,65.31940299
01/11/2018,5.680851064,47.95440729,10.39817629,7,65.13069909
01/11/2018,5.321100917,65.94189602,9.116207951,7.051987768,63.04281346
01/11/2018,5.700296736,88.0504451,5.575667656,7.089020772,62.3768546
01/11/2018,5.570121951,93.7195122,4.896341463,7.881097561,60.39329268
01/11/2018,5.527607362,74.16257669,11.9202454,9.662576687,55.71779141
01/11/2018,5.587537092,56.26706231,20.76261128,11.60237389,50.86053412
01/11/2018,5.56402439,62.25914634,29.81707317,13.71341463,45.87195122
01/11/2018,5.877675841,53.14067278,42.01834862,14.28440367,44.05504587
01/11/2018,5.685628743,44.40419162,49.82934132,15.02994012,43.26646707
01/11/2018,5.777777778,40.35493827,51.16049383,14.92592593,43.11728395
01/11/2018,5.704268293,54.54573171,43.35060976,13.28963415,43.58231707
01/11/2018,5.776785714,64.64285714,31.9077381,11.83035714,47.16666667
01/11/2018,5.541033435,60.62917933,33.9118541,11.0212766,50.2887538
01/11/2018,5.429878049,65.82317073,31.17073171,10.54573171,51.44817073
01/11/2018,5.613095238,87.50892857,5.729166667,9.470238095,55.38988095
01/11/2018,5.601823708,83.6231003,7.05775076,9,57.00303951
01/11/2018,5.582822086,56.75153374,20.09509202,9,58.07668712
01/11/2018,5.392857143,52.05059524,19.73511905,8.550595238,58.47321429
01/11/2018,5.486322188,38.14285714,25.11854103,8.11550152,58.85714286
01/11/2018,5.396341463,31.67987805,29.70121951,8.125,58.82621951
02/11/2018,5.223214286,28.30952381,31.25297619,8.044642857,59.81547619
02/11/2018,5.638297872,36.8662614,18.0212766,7.352583587,61.12765957
02/11/2018,5.455927052,35.556231,17.77507599,7.063829787,62.34346505
02/11/2018,5.585585586,33.17417417,18.96096096,6.54954955,63.3003003
02/11/2018,5.675675676,60.06606607,6.273273273,6.207207207,63.64564565
02/11/2018,5.785932722,71.04587156,3.226299694,6.28440367,63.43119266
02/11/2018,6.039393939,104.4575758,1.990909091,6.412121212,63.20606061
02/11/2018,6.053892216,101.0628743,1.314371257,7.461077844,61.7005988
02/11/2018,5.691131498,92.86544343,2.406727829,9.125382263,57.60550459
02/11/2018,6.142857143,86.04863222,8.395136778,11.83890578,50.84802432
02/11/2018,6.782089552,95.95223881,12.08358209,13.26567164,48.10149254
02/11/2018,7.338414634,97.30182927,12.80487805,14,47.25609756
02/11/2018,6.917682927,91.67073171,19.76219512,13.78353659,44.86890244
02/11/2018,6.514880952,95.85714286,16.04761905,13.19345238,44.45833333
02/11/2018,6.198170732,93.54573171,15.13109756,13,43.82926829
02/11/2018,6.158054711,79.83890578,16.07902736,12.86018237,43.11550152
02/11/2018,5.663690476,67.07440476,30.33333333,13,48.5625
02/11/2018,5.581039755,67.12232416,34.29969419,12.53211009,57.71559633
02/11/2018,7.042944785,62.32208589,34.81288344,12.13496933,62.3803681
02/11/2018,9.429850746,70.35820896,32.24776119,12.68059701,66.05970149
02/11/2018,7.47706422,47.21406728,44.78593272,13,67.08562691
02/11/2018,6.972477064,42.93577982,48.0795107,13.34862385,69.3088685
02/11/2018,6.577380952,31.04166667,50.01190476,14.11011905,67.30654762
02/11/2018,6.327217125,22.03058104,60.97553517,14.96636086,66.97247706
03/11/2018,6.463414634,21.63719512,58.85060976,15.83231707,66.39939024
03/11/2018,6.256716418,19.80895522,58.22686567,16.47164179,66.07164179
03/11/2018,6.366972477,14.12538226,59.00917431,17.14067278,64.65137615
03/11/2018,6.300911854,12.50455927,57.65045593,17.99088146,63.59574468
03/11/2018,6.528358209,18.29850746,52.48358209,18,62.94626866
03/11/2018,6.376146789,21.02446483,49.46788991,18.70948012,61.58409786
03/11/2018,6.872340426,26.96048632,48.76291793,18.57446809,62.51975684
03/11/2018,6.916167665,33.76646707,45.94011976,18.1257485,63.9251497
03/11/2018,6.504559271,32.72948328,43.2887538,18.93617021,61.32826748
03/11/2018,6.234756098,34.76829268,43.19512195,19,61.7347561
03/11/2018,6.258928571,30.0327381,45.79166667,19,60.52380952
03/11/2018,6.201219512,36.5304878,44.09146341,19.07317073,60.65853659
03/11/2018,6.303951368,34.59270517,43.95440729,19.09422492,61.12462006
03/11/2018,6.319402985,36.48358209,46.15820896,18.69253731,64.15820896
03/11/2018,6.267692308,41.48307692,44.21230769,18.43076923,61.79076923
03/11/2018,6.6443769,63.13677812,33.24620061,18.00303951,62.556231
03/11/2018,6.37797619,59.69642857,31.82738095,18,61.98214286
03/11/2018,6.576219512,58.0945122,33.11585366,17.40243902,58.55792683
03/11/2018,7.015243902,51.90853659,40.47560976,17,58.75609756
03/11/2018,7.014880952,47.69047619,38.11904762,17.0625,60.44047619
03/11/2018,7.483282675,32.58358663,46.68085106,17.19148936,57.72948328
03/11/2018,7.5,34.1554878,47.60365854,17.01219512,57.86585366
03/11/2018,7.208333333,23.89880952,63.4047619,16.04166667,59.72321429
03/11/2018,7.033639144,32.19877676,55.23853211,14.18654434,62.3853211
04/11/2018,6.588414634,30.07012195,51.28963415,13.81097561,61.60060976
04/11/2018,6.523809524,23.15178571,56.14880952,13.32738095,61.34821429
04/11/2018,6.817629179,15.27963526,61.71428571,14,61.10030395
04/11/2018,7.311926606,13.26605505,60.72782875,14,59.88379205
04/11/2018,7.175595238,10.60714286,64.13988095,14,58.60416667
04/11/2018,7.36196319,24.3006135,55.80981595,13.99079755,58.68711656
04/11/2018,7.386018237,55.35258359,33.71428571,13.16109422,59.56231003
04/11/2018,7.40652819,35.83679525,46.29376855,13.78338279,57.08902077
04/11/2018,7.307926829,31.4054878,50.52439024,14.74085366,54.49695122
04/11/2018,7.335365854,30.93902439,56.06402439,15.95731707,50.7804878
04/11/2018,7.323442136,32.34421365,62.20474777,17,48.08902077
04/11/2018,7.387195122,39.31707317,64.56402439,17.47865854,45.52134146
04/11/2018,7.294832827,56.70212766,57.49240122,17.28571429,45.62917933
04/11/2018,7.139880952,58.46130952,51.1547619,17.03571429,47.63095238
04/11/2018,7.219512195,64.90243902,41.2804878,17,47.57317073
04/11/2018,7.151975684,87.74164134,28.70820669,16.20668693,49.1337386
04/11/2018,7.303303303,97.77177177,17.24324324,15.70570571,52.54654655
04/11/2018,7.578313253,105.6596386,7.352409639,15.12349398,54.96686747
04/11/2018,8.106382979,92.61094225,3.835866261,15,57.12158055
04/11/2018,8.194528875,95.66869301,3.683890578,15,58.00607903
04/11/2018,7.830860534,87.51335312,5.495548961,14.4421365,61.53709199
04/11/2018,8.529051988,84.20795107,6.865443425,14.06422018,65.40061162
04/11/2018,8.606707317,73.25304878,8.442073171,14,67.55792683
04/11/2018,8.391691395,60.15133531,16.02670623,14,69.21068249
05/11/2018,7.492401216,43.45896657,31.6443769,14,70.04863222
05/11/2018,7.012195122,33.28353659,48.75914634,14,70.70731707
05/11/2018,6.56119403,34.15820896,44.55522388,14,71.04477612
05/11/2018,6.863221884,46.11854103,20.69908815,14.49848024,71.75987842
05/11/2018,6.899390244,49.98170732,10.94207317,15,71.72865854
05/11/2018,7.75,73.0922619,9.425595238,15,71.77083333
05/11/2018,6.719512195,69.92987805,9.548780488,15,70.24695122
05/11/2018,6.389057751,71.05471125,12.41337386,15,67.13069909
05/11/2018,6.75,68.14583333,13.41964286,15.11904762,66.99107143
05/11/2018,6.701219512,58.57621951,17.89939024,15.17987805,67.21036585
05/11/2018,7.130699088,63.6443769,15.93009119,15.58054711,66.13981763
05/11/2018,7.848214286,79.94345238,14.04761905,15.27678571,67.77083333
05/11/2018,7.637195122,92.17987805,11.38109756,15.01829268,69.24390244
05/11/2018,7.383233533,51.38023952,11.02994012,15.55688623,66.67365269
05/11/2018,7.452662722,48.66568047,11.49704142,15.21301775,66.23668639
05/11/2018,6.908823529,48.07941176,10.37352941,15.05294118,65.46176471
05/11/2018,7.099697885,48.09365559,8.429003021,15,65.14199396
05/11/2018,7.104166667,50.33035714,12.66964286,15,65.31547619
05/11/2018,6.876832845,53.3372434,15.26686217,15,65.58651026
05/11/2018,6.685534591,40.84591195,19.47798742,15.16037736,64.90880503
05/11/2018,7.100609756,30.03658537,23.16158537,15.34756098,62.33841463
05/11/2018,7.187134503,42.76608187,15.40643275,15.22222222,62.81578947
05/11/2018,7.24925816,24.70029674,23.14836795,15.99406528,63.18991098
05/11/2018,7.154589372,13.41545894,20.03864734,16.30434783,62.68115942
06/11/2018,6.917431193,20.44342508,24.42201835,16.05198777,65.57798165
06/11/2018,7.359756098,20.11890244,25.06707317,16.02743902,65.85670732
06/11/2018,7.4,11.55522388,30.04776119,16.18208955,64.7641791
06/11/2018,7.516616314,11.92145015,33.51661631,16.82477341,65.20845921
06/11/2018,7.124620061,16.50151976,36.14893617,16.40729483,66.59878419
06/11/2018,7.306060606,29.01515152,32.3969697,16.42121212,67.30606061
06/11/2018,7.296407186,43.47904192,26.72754491,16.51497006,67.9251497
06/11/2018,7.652439024,42.03963415,28.86890244,16.99390244,67.37195122
06/11/2018,6.682926829,39.26219512,37.05792683,16.39939024,66.88109756
06/11/2018,18.5,123.6,123.7555556,16.42222222,65.01111111